path,kind,min_leg_kzt,days_span,n_occurrences
100000000011452100->100000005140601100->100000000011452100,cycle,15000.0,,1
100000000076451100->100000004629688100->100000000076451100,cycle,5000.0,,1
100000000267734100->100000000031787100->100000000267734100,cycle,60000.0,,1
100000000297649100->100000001899164100->100000000297649100,cycle,40000.0,,1
100000000437046100->100000007639767100->100000000437046100,cycle,27868.0,,1
100000000580561100->100000007939160100->100000000580561100,cycle,9300.0,,1
100000000594783100->100000002224132100->100000000594783100,cycle,60000.0,,1
100000000594783100->100000004603109100->100000002224132100->100000000594783100,cycle,92500.0,,1
100000000607941100->100000003406094100->100000000607941100,cycle,20000.0,,1
100000000661912100->100000003131016100->100000000661912100,cycle,126000.0,,1
100000000706545100->100000006901046100->100000000706545100,cycle,5500.0,,1
100000000785800100->100000008601794100->100000001872484100->100000000785800100,cycle,19000.0,,1
100000000791285100->100000008461532100->100000000791285100,cycle,560000.0,,1
100000000838385100->100000008213966100->100000000838385100,cycle,145000.0,,1
100000000933075100->100000002193259100->100000000933075100,cycle,40000.0,,1
100000001049200100->100000003016635100->100000001049200100,cycle,5000.0,,1
100000001049200100->100000004156082100->100000004188160100->100000003016635100->100000001049200100,cycle,6014.0,,1
100000001232297100->100000005074393100->100000001232297100,cycle,5000.0,,1
100000001232297100->100000005882013100->100000005074393100->100000001232297100,cycle,5000.0,,1
100000001382002100->100000005584222100->100000001382002100,cycle,55000.0,,1
100000001526235100->100000000926766100->100000001526235100,cycle,6000.0,,1
100000001526235100->100000005505655100->100000001526235100,cycle,20000.0,,1
100000001600934100->100000005140601100->100000001600934100,cycle,11000.0,,1
100000001660397100->100000006866783100->100000001660397100,cycle,19300.0,,1
100000001660397100->100000008477350100->100000005910114100->100000006866783100->100000001660397100,cycle,12000.0,,1
100000001660397100->100000008477350100->100000007639767100->100000006866783100->100000001660397100,cycle,10000.0,,1
100000001677929100->100000002394199100->100000001677929100,cycle,76777.0,,1
100000001697501100->100000002527114100->100000001697501100,cycle,25000.0,,1
100000001697501100->100000006612238100->100000001697501100,cycle,25000.0,,1
100000001732159100->100000008637537100->100000001732159100,cycle,381890.0,,1
100000001740277100->100000001677929100->100000001740277100,cycle,5000.0,,1
100000001788284100->100000001526235100->100000001788284100,cycle,8000.0,,1
100000001872484100->100000008601794100->100000001872484100,cycle,475400.0,,1
100000001893287100->100000004698193100->100000001893287100,cycle,18000.0,,1
100000001899164100->100000002193259100->100000001899164100,cycle,8000.0,,1
100000001937767100->100000001616816100->100000001937767100,cycle,53000.0,,1
100000002132479100->100000004159526100->100000002132479100,cycle,20000.0,,1
100000002156381100->100000002696152100->100000002156381100,cycle,21800.0,,1
100000002175422100->100000002975437100->100000002175422100,cycle,8500.0,,1
100000002175422100->100000003004487100->100000002175422100,cycle,40000.0,,1
100000002175422100->100000003557488100->100000002175422100,cycle,20000.0,,1
100000002217161100->100000001445848100->100000002217161100,cycle,351850.0,,1
100000002267998100->100000003701161100->100000002267998100,cycle,220000.0,,1
100000002267998100->100000003701161100->100000003718221100->100000002267998100,cycle,120000.0,,1
100000002267998100->100000003718221100->100000002267998100,cycle,200000.0,,1
100000002267998100->100000003718221100->100000003701161100->100000002267998100,cycle,120000.0,,1
100000002293421100->100000004180097100->100000002293421100,cycle,22000.0,,1
100000002391278100->100000004221668100->100000002391278100,cycle,30000.0,,1
100000002527114100->100000006656003100->100000002527114100,cycle,9000.0,,1
100000002578405100->100000001697501100->100000002578405100,cycle,73700.0,,1
100000002578405100->100000005041905100->100000002578405100,cycle,5000.0,,1
100000002723538100->100000003242289100->100000004140487100->100000004400305100->100000002723538100,cycle,15000.0,,1
100000002733905100->100000001166289100->100000002733905100,cycle,25000.0,,1
100000002738256100->100000004135268100->100000002738256100,cycle,150200.0,,1
100000002741024100->100000001439416100->100000002741024100,cycle,10000.0,,1
100000002741024100->100000007629096100->100000002741024100,cycle,360000.0,,1
100000002741024100->100000008680912100->100000002741024100,cycle,5990.85,,1
100000002796853100->100000002781227100->100000002796853100,cycle,46167.62,,1
100000002838861100->100000002812641100->100000002838861100,cycle,7023.95,,1
100000002957787100->100000005268319100->100000002957787100,cycle,19712.8,,1
100000002958343100->100000000274067100->100000002958343100,cycle,300000.0,,1
100000003001661100->100000007382543100->100000003001661100,cycle,110000.0,,1
100000003115284100->100000003360542100->100000003115284100,cycle,30500.0,,1
100000003148220100->100000004971871100->100000003148220100,cycle,5650.0,,1
100000003299365100->100000003684369100->100000003299365100,cycle,200000.0,,1
100000003390036100->100000005873152100->100000003360542100->100000003115284100->100000003390036100,cycle,10000.0,,1
100000003390036100->100000005873152100->100000003360542100->100000003390036100,cycle,10000.0,,1
100000003509750100->100000001808684100->100000003509750100,cycle,37700.0,,1
100000003509750100->100000004697956100->100000003509750100,cycle,10000.0,,1
100000003616818100->100000004005964100->100000003616818100,cycle,35000.0,,1
100000003636627100->100000002692750100->100000003636627100,cycle,10000.0,,1
100000003701161100->100000003718221100->100000003701161100,cycle,120000.0,,1
100000003741418100->100000006111439100->100000003741418100,cycle,5000.0,,1
100000003796063100->100000004400305100->100000005910114100->100000008111003100->100000003796063100,cycle,9000.0,,1
100000003796063100->100000004400305100->100000007593823100->100000008111003100->100000003796063100,cycle,9000.0,,1
100000003796063100->100000006866783100->100000000089154100->100000008111003100->100000003796063100,cycle,10000.0,,1
100000003796063100->100000006866783100->100000002306369100->100000008111003100->100000003796063100,cycle,35000.0,,1
100000003796063100->100000008111003100->100000003796063100,cycle,35000.0,,1
100000003796063100->100000008346837100->100000005910114100->100000008111003100->100000003796063100,cycle,35000.0,,1
100000003796063100->100000008346837100->100000007593823100->100000008111003100->100000003796063100,cycle,5000.0,,1
100000003796063100->100000008477350100->100000005910114100->100000008111003100->100000003796063100,cycle,35000.0,,1
100000003796063100->100000008477350100->100000007593823100->100000008111003100->100000003796063100,cycle,10000.0,,1
100000003880331100->100000001857829100->100000003880331100,cycle,100000.0,,1
100000003880331100->100000008603629100->100000001857829100->100000003880331100,cycle,100000.0,,1
100000003880331100->100000008603629100->100000003178549100->100000001857829100->100000003880331100,cycle,40000.0,,1
100000003886323100->100000007749092100->100000003886323100,cycle,7650.0,,1
100000003888271100->100000000580561100->100000003888271100,cycle,12177.0,,1
100000003917461100->100000004386258100->100000003917461100,cycle,10000.0,,1
100000003923946100->100000003977183100->100000003923946100,cycle,82000.0,,1
100000003942602100->100000002527114100->100000003942602100,cycle,30000.0,,1
100000004007116100->100000002731501100->100000004007116100,cycle,10000.0,,1
100000004007116100->100000002731501100->100000004160650100->100000004005964100->100000004007116100,cycle,10000.0,,1
100000004007116100->100000002731501100->100000004160650100->100000004007116100,cycle,10000.0,,1
100000004007116100->100000003616818100->100000004005964100->100000002731501100->100000004007116100,cycle,10000.0,,1
100000004007116100->100000003616818100->100000004005964100->100000004007116100,cycle,15000.0,,1
100000004007116100->100000003616818100->100000004160650100->100000002731501100->100000004007116100,cycle,15000.0,,1
100000004007116100->100000003616818100->100000004160650100->100000004005964100->100000004007116100,cycle,15000.0,,1
100000004007116100->100000003616818100->100000004160650100->100000004007116100,cycle,15000.0,,1
100000004007116100->100000004005964100->100000002731501100->100000004007116100,cycle,10000.0,,1
100000004007116100->100000004005964100->100000002731501100->100000004160650100->100000004007116100,cycle,10000.0,,1
100000004007116100->100000004005964100->100000003616818100->100000004160650100->100000004007116100,cycle,10000.0,,1
100000004007116100->100000004005964100->100000004007116100,cycle,10000.0,,1
100000004015047100->100000001616816100->100000004015047100,cycle,69195.0,,1
100000004070318100->100000002957787100->100000002645993100->100000008413748100->100000004070318100,cycle,7600.0,,1
100000004070318100->100000002957787100->100000008632060100->100000000437046100->100000004070318100,cycle,6000.0,,1
100000004070318100->100000002957787100->100000008632060100->100000004400305100->100000004070318100,cycle,6000.0,,1
100000004070318100->100000002957787100->100000008632060100->100000006866783100->100000004070318100,cycle,6000.0,,1
100000004070318100->100000004400305100->100000001609499100->100000006866783100->100000004070318100,cycle,11000.0,,1
100000004070318100->100000004400305100->100000002645993100->100000008413748100->100000004070318100,cycle,13480.0,,1
100000004070318100->100000004400305100->100000003213473100->100000006866783100->100000004070318100,cycle,10000.0,,1
100000004070318100->100000004400305100->100000004070318100,cycle,19800.0,,1
100000004070318100->100000004400305100->100000004390333100->100000000437046100->100000004070318100,cycle,18807.0,,1
100000004070318100->100000004400305100->100000004390333100->100000006866783100->100000004070318100,cycle,18807.0,,1
100000004070318100->100000004400305100->100000005910114100->100000006866783100->100000004070318100,cycle,19800.0,,1
100000004070318100->100000004400305100->100000008304139100->100000000437046100->100000004070318100,cycle,19800.0,,1
100000004070318100->100000004400305100->100000008304139100->100000006866783100->100000004070318100,cycle,19800.0,,1
100000004070318100->100000004400305100->100000008587459100->100000006866783100->100000004070318100,cycle,19800.0,,1
100000004070318100->100000004400305100->100000008686313100->100000000437046100->100000004070318100,cycle,19800.0,,1
100000004070318100->100000004400305100->100000008686313100->100000006866783100->100000004070318100,cycle,19800.0,,1
100000004070318100->100000006866783100->100000000089154100->100000000437046100->100000004070318100,cycle,10000.0,,1
100000004070318100->100000006866783100->100000001660397100->100000008413748100->100000004070318100,cycle,13000.0,,1
100000004070318100->100000006866783100->100000004070318100,cycle,64725.0,,1
100000004070318100->100000006866783100->100000004351795100->100000000437046100->100000004070318100,cycle,66404.0,,1
100000004070318100->100000006866783100->100000004390333100->100000000437046100->100000004070318100,cycle,45751.0,,1
100000004070318100->100000006866783100->100000007639767100->100000000437046100->100000004070318100,cycle,23018.0,,1
100000004070318100->100000006866783100->100000007639767100->100000004400305100->100000004070318100,cycle,10000.0,,1
100000004070318100->100000006866783100->100000008304139100->100000000437046100->100000004070318100,cycle,23567.0,,1
100000004070318100->100000006866783100->100000008686313100->100000000437046100->100000004070318100,cycle,29200.0,,1
100000004070318100->100000008346837100->100000004351795100->100000000437046100->100000004070318100,cycle,29511.0,,1
100000004070318100->100000008346837100->100000005910114100->100000006866783100->100000004070318100,cycle,60059.0,,1
100000004070318100->100000008477350100->100000005910114100->100000006866783100->100000004070318100,cycle,25000.0,,1
100000004070318100->100000008477350100->100000007639767100->100000000437046100->100000004070318100,cycle,16305.0,,1
100000004070318100->100000008477350100->100000007639767100->100000004400305100->100000004070318100,cycle,10000.0,,1
100000004070318100->100000008477350100->100000007639767100->100000006866783100->100000004070318100,cycle,10000.0,,1
100000004070318100->100000008477350100->100000008086440100->100000000437046100->100000004070318100,cycle,25000.0,,1
100000004070318100->100000008603629100->100000001609499100->100000006866783100->100000004070318100,cycle,11000.0,,1
100000004070318100->100000008603629100->100000001660397100->100000006866783100->100000004070318100,cycle,23126.0,,1
100000004070318100->100000008603629100->100000001660397100->100000008413748100->100000004070318100,cycle,13000.0,,1
100000004070318100->100000008603629100->100000004351795100->100000000437046100->100000004070318100,cycle,22418.0,,1
100000004070318100->100000008603629100->100000007639767100->100000000437046100->100000004070318100,cycle,23126.0,,1
100000004070318100->100000008603629100->100000007639767100->100000004400305100->100000004070318100,cycle,10000.0,,1
100000004070318100->100000008603629100->100000007639767100->100000006866783100->100000004070318100,cycle,10000.0,,1
100000004070318100->100000008603629100->100000008686313100->100000000437046100->100000004070318100,cycle,23126.0,,1
100000004070318100->100000008603629100->100000008686313100->100000006866783100->100000004070318100,cycle,23126.0,,1
100000004071070100->100000004071080100->100000004071070100,cycle,6000.0,,1
100000004076740100->100000004336312100->100000004017410100->100000005519998100->100000004076740100,cycle,20000.0,,1
100000004076740100->100000004336312100->100000005519998100->100000004076740100,cycle,20000.0,,1
100000004076740100->100000004467157100->100000004076740100,cycle,7000.0,,1
100000004076740100->100000005519998100->100000004076740100,cycle,20000.0,,1
100000004160650100->100000002731501100->100000004160650100,cycle,40000.0,,1
100000004160650100->100000003616818100->100000004005964100->100000002731501100->100000004160650100,cycle,10000.0,,1
100000004160650100->100000003616818100->100000004160650100,cycle,28000.0,,1
100000004160650100->100000004005964100->100000002731501100->100000004160650100,cycle,10000.0,,1
100000004160650100->100000004005964100->100000003616818100->100000004160650100,cycle,35000.0,,1
100000004188160100->100000003016635100->100000004188160100,cycle,18000.0,,1
100000004209339100->100000003635170100->100000004209339100,cycle,138500.0,,1
100000004299488100->100000007055802100->100000004299488100,cycle,204999.0,,1
100000004321983100->100000005171642100->100000004221668100->100000004321983100,cycle,6200.0,,1
100000004330371100->100000003016635100->100000004330371100,cycle,18981.0,,1
100000004330371100->100000006534886100->100000004330371100,cycle,71700.0,,1
100000004336312100->100000004017410100->100000003934614100->100000004336312100,cycle,10000.0,,1
100000004336312100->100000004017410100->100000004336312100,cycle,52650.0,,1
100000004351795100->100000000437046100->100000007639767100->100000006866783100->100000004351795100,cycle,10000.0,,1
100000004351795100->100000000437046100->100000007639767100->100000008603629100->100000004351795100,cycle,22418.0,,1
100000004351795100->100000000437046100->100000008603629100->100000004351795100,cycle,5000.0,,1
100000004351795100->100000003242289100->100000004140487100->100000008603629100->100000004351795100,cycle,20000.0,,1
100000004351795100->100000003242289100->100000008304139100->100000006866783100->100000004351795100,cycle,49000.0,,1
100000004351795100->100000003242289100->100000008304139100->100000008603629100->100000004351795100,cycle,22418.0,,1
100000004351795100->100000008603629100->100000001609499100->100000006866783100->100000004351795100,cycle,11000.0,,1
100000004351795100->100000008603629100->100000001660397100->100000006866783100->100000004351795100,cycle,24000.0,,1
100000004351795100->100000008603629100->100000004351795100,cycle,22418.0,,1
100000004351795100->100000008603629100->100000007639767100->100000006866783100->100000004351795100,cycle,10000.0,,1
100000004386331100->100000004386258100->100000004386331100,cycle,5000.0,,1
100000004390333100->100000000437046100->100000007639767100->100000004400305100->100000004390333100,cycle,10000.0,,1
100000004390333100->100000000437046100->100000007639767100->100000006866783100->100000004390333100,cycle,10000.0,,1
100000004390333100->100000006866783100->100000004390333100,cycle,45751.0,,1
100000004390333100->100000006866783100->100000007639767100->100000004400305100->100000004390333100,cycle,10000.0,,1
100000004390333100->100000008477350100->100000005910114100->100000006866783100->100000004390333100,cycle,40000.0,,1
100000004390333100->100000008477350100->100000007639767100->100000004400305100->100000004390333100,cycle,10000.0,,1
100000004390333100->100000008477350100->100000007639767100->100000006866783100->100000004390333100,cycle,10000.0,,1
100000004390333100->100000008603629100->100000001609499100->100000006866783100->100000004390333100,cycle,11000.0,,1
100000004390333100->100000008603629100->100000001660397100->100000006866783100->100000004390333100,cycle,24000.0,,1
100000004390333100->100000008603629100->100000007639767100->100000004400305100->100000004390333100,cycle,10000.0,,1
100000004390333100->100000008603629100->100000007639767100->100000006866783100->100000004390333100,cycle,10000.0,,1
100000004400305100->100000003213473100->100000004400305100,cycle,9000.0,,1
100000004400305100->100000005052998100->100000008477350100->100000007639767100->100000004400305100,cycle,9500.0,,1
100000004403675100->100000003988112100->100000004403675100,cycle,64000.0,,1
100000004407753100->100000007382543100->100000004407753100,cycle,100000.0,,1
100000004475818100->100000005665181100->100000004475818100,cycle,13000.0,,1
100000004544958100->100000004677680100->100000004544958100,cycle,18000.0,,1
100000004603109100->100000002224132100->100000000552584100->100000004603109100,cycle,57500.0,,1
100000004603109100->100000002224132100->100000004603109100,cycle,300000.0,,1
100000004670388100->100000000291906100->100000004670388100,cycle,160354.0,,1
100000004692798100->100000000831684100->100000004692798100,cycle,15000.0,,1
100000004715209100->100000008603331100->100000004715209100,cycle,5000.0,,1
100000004717647100->100000004479404100->100000004717647100,cycle,300000.0,,1
100000004765639100->100000002293421100->100000004180097100->100000004765639100,cycle,5000.0,,1
100000004765639100->100000004180097100->100000004765639100,cycle,5000.0,,1
100000004847758100->100000008603629100->100000001609499100->100000006866783100->100000004847758100,cycle,11000.0,,1
100000004847758100->100000008603629100->100000001660397100->100000006866783100->100000004847758100,cycle,18775.0,,1
100000004847758100->100000008603629100->100000004679953100->100000005782781100->100000004847758100,cycle,16000.0,,1
100000004847758100->100000008603629100->100000004847758100,cycle,25612.0,,1
100000004847758100->100000008603629100->100000007639767100->100000004400305100->100000004847758100,cycle,10000.0,,1
100000004847758100->100000008603629100->100000007639767100->100000006866783100->100000004847758100,cycle,10000.0,,1
100000004892144100->100000002224132100->100000000552584100->100000004603109100->100000004892144100,cycle,57500.0,,1
100000004892144100->100000002224132100->100000000594783100->100000004603109100->100000004892144100,cycle,92500.0,,1
100000004892144100->100000002224132100->100000004603109100->100000004892144100,cycle,100000.0,,1
100000004892144100->100000002224132100->100000004892144100,cycle,180300.0,,1
100000004979498100->100000008571433100->100000004135268100->100000004979498100,cycle,200000.0,,1
100000005037490100->100000008733194100->100000005037490100,cycle,14000.0,,1
100000005048668100->100000008346837100->100000005048668100,cycle,6500.0,,1
100000005077484100->100000001380054100->100000005077484100,cycle,7050.0,,1
100000005142492100->100000002870463100->100000005142492100,cycle,10000.0,,1
100000005168487100->100000002941114100->100000005168487100,cycle,15000.0,,1
100000005171642100->100000004221668100->100000005171642100,cycle,683600.0,,1
100000005264874100->100000005507142100->100000005264874100,cycle,13000.0,,1
100000005287097100->100000003016635100->100000001049200100->100000004156082100->100000005287097100,cycle,6014.0,,1
100000005287097100->100000003016635100->100000005287097100,cycle,110723.0,,1
100000005287097100->100000003016635100->100000008169544100->100000004156082100->100000005287097100,cycle,5000.0,,1
100000005287097100->100000004150593100->100000008595687100->100000003016635100->100000005287097100,cycle,10400.0,,1
100000005287097100->100000004156082100->100000004188160100->100000003016635100->100000005287097100,cycle,8600.0,,1
100000005287097100->100000004156082100->100000005287097100,cycle,16450.0,,1
100000005339662100->100000004820260100->100000005175148100->100000005339662100,cycle,15000.0,,1
100000005339662100->100000004820260100->100000005339662100,cycle,135850.0,,1
100000005339662100->100000005175148100->100000005339662100,cycle,5000.0,,1
100000005342513100->100000002733905100->100000005342513100,cycle,30000.0,,1
100000005367445100->100000005413948100->100000005367445100,cycle,5000.0,,1
100000005382566100->100000004041163100->100000005382566100,cycle,50000.0,,1
100000005507142100->100000002612809100->100000005507142100,cycle,15000.0,,1
100000005519998100->100000003934614100->100000004336312100->100000004017410100->100000005519998100,cycle,7000.0,,1
100000005519998100->100000003934614100->100000004336312100->100000005519998100,cycle,7000.0,,1
100000005519998100->100000004017410100->100000003934614100->100000004336312100->100000005519998100,cycle,10000.0,,1
100000005519998100->100000004017410100->100000004336312100->100000005519998100,cycle,20000.0,,1
100000005519998100->100000004017410100->100000005519998100,cycle,141000.0,,1
100000005546031100->100000005547096100->100000005546031100,cycle,8000.0,,1
100000005602999100->100000003635170100->100000005602999100,cycle,5000.0,,1
100000005704413100->100000004569484100->100000005578559100->100000005704413100,cycle,36834.67,,1
100000005704413100->100000004569484100->100000005704413100,cycle,41000.0,,1
100000005704413100->100000004569484100->100000005933757100->100000008104567100->100000005704413100,cycle,20000.0,,1
100000005820746100->100000001965374100->100000005820746100,cycle,60000.0,,1
100000005882013100->100000005074393100->100000005882013100,cycle,10000.0,,1
100000005910114100->100000002957787100->100000008632060100->100000004400305100->100000005910114100,cycle,6000.0,,1
100000005910114100->100000006866783100->100000002306369100->100000008477350100->100000005910114100,cycle,35000.0,,1
100000005910114100->100000006866783100->100000007639767100->100000004400305100->100000005910114100,cycle,10000.0,,1
100000005910114100->100000006866783100->100000008304139100->100000008477350100->100000005910114100,cycle,23567.0,,1
100000005911352100->100000004508696100->100000005911352100,cycle,7000.0,,1
100000005933757100->100000002963189100->100000005933757100,cycle,490000.0,,1
100000005933757100->100000004569484100->100000005933757100,cycle,32607.0,,1
100000006069103100->100000000201868100->100000006069103100,cycle,190000.0,,1
100000006169033100->100000008011159100->100000006169033100,cycle,49000.0,,1
100000006232815100->100000001380054100->100000006232815100,cycle,120000.0,,1
100000006274203100->100000007594394100->100000006274203100,cycle,5000.0,,1
100000006385877100->100000006443391100->100000006385877100,cycle,36602.93,,1
100000006518161100->100000005660203100->100000006518161100,cycle,23000.0,,1
100000006579678100->100000003016635100->100000006579678100,cycle,42930.0,,1
100000006579678100->100000003237045100->100000006579678100,cycle,150000.0,,1
100000006707582100->100000000850297100->100000006707582100,cycle,17520.0,,1
100000006844768100->100000004759121100->100000006844768100,cycle,175000.0,,1
100000006866783100->100000000089154100->100000000437046100->100000007639767100->100000006866783100,cycle,10000.0,,1
100000006866783100->100000000089154100->100000006866783100,cycle,10000.0,,1
100000006866783100->100000001609499100->100000006866783100,cycle,11000.0,,1
100000006866783100->100000002306369100->100000008477350100->100000007639767100->100000006866783100,cycle,10000.0,,1
100000006866783100->100000007639767100->100000004400305100->100000001609499100->100000006866783100,cycle,10000.0,,1
100000006866783100->100000007639767100->100000004400305100->100000003213473100->100000006866783100,cycle,10000.0,,1
100000006866783100->100000007639767100->100000006866783100,cycle,10000.0,,1
100000006912294100->100000006443391100->100000006912294100,cycle,6335.09,,1
100000007131370100->100000000076451100->100000007131370100,cycle,30000.0,,1
100000007322059100->100000004552204100->100000007322059100,cycle,5000.0,,1
100000007390016100->100000008324800100->100000007390016100,cycle,346500.0,,1
100000007442518100->100000008258083100->100000000673868100->100000007442518100,cycle,115000.0,,1
100000007593823100->100000008346837100->100000007593823100,cycle,5000.0,,1
100000007898453100->100000003946524100->100000007898453100,cycle,20000.0,,1
100000008086440100->100000008477350100->100000008086440100,cycle,18900.0,,1
100000008086440100->100000008603629100->100000001660397100->100000008477350100->100000008086440100,cycle,12000.0,,1
100000008121806100->100000008346837100->100000005910114100->100000001857829100->100000008121806100,cycle,5000.0,,1
100000008169544100->100000003016635100->100000008169544100,cycle,17300.0,,1
100000008169544100->100000004156082100->100000004188160100->100000003016635100->100000008169544100,cycle,5000.0,,1
100000008193577100->100000005456919100->100000008659445100->100000008193577100,cycle,5000.0,,1
100000008193577100->100000008659445100->100000008193577100,cycle,56190.0,,1
100000008254069100->100000003809101100->100000008254069100,cycle,10200.0,,1
100000008258083100->100000000673868100->100000008258083100,cycle,149500.0,,1
100000008293431100->100000000437046100->100000008293431100,cycle,15000.0,,1
100000008304139100->100000000437046100->100000007639767100->100000004400305100->100000008304139100,cycle,10000.0,,1
100000008304139100->100000000437046100->100000007639767100->100000006866783100->100000008304139100,cycle,10000.0,,1
100000008304139100->100000006866783100->100000007639767100->100000004400305100->100000008304139100,cycle,10000.0,,1
100000008304139100->100000006866783100->100000008304139100,cycle,23567.0,,1
100000008304139100->100000008477350100->100000007639767100->100000004400305100->100000008304139100,cycle,10000.0,,1
100000008304139100->100000008477350100->100000007639767100->100000006866783100->100000008304139100,cycle,10000.0,,1
100000008314203100->100000001732159100->100000008314203100,cycle,95000.0,,1
100000008314203100->100000001732159100->100000008637537100->100000008314203100,cycle,60000.0,,1
100000008314203100->100000008637537100->100000001732159100->100000008314203100,cycle,232000.0,,1
100000008314203100->100000008637537100->100000008314203100,cycle,60000.0,,1
100000008389800100->100000007511163100->100000008389800100,cycle,49000.0,,1
100000008389800100->100000008430691100->100000008389800100,cycle,20000.0,,1
100000008413748100->100000008304139100->100000006866783100->100000001660397100->100000008413748100,cycle,13000.0,,1
100000008413748100->100000008304139100->100000008603629100->100000001660397100->100000008413748100,cycle,13000.0,,1
100000008417359100->100000008512552100->100000003242289100->100000008417359100,cycle,20760.0,,1
100000008443341100->100000008477350100->100000005910114100->100000006866783100->100000008443341100,cycle,17000.0,,1
100000008443341100->100000008477350100->100000007639767100->100000006866783100->100000008443341100,cycle,10000.0,,1
100000008474308100->100000008443341100->100000008474308100,cycle,10000.0,,1
100000008512552100->100000003242289100->100000008512552100,cycle,49000.0,,1
100000008545727100->100000005473151100->100000008545727100,cycle,30000.0,,1
100000008546855100->100000007689942100->100000008546855100,cycle,5000.0,,1
100000008547844100->100000008465789100->100000008466579100->100000008547948100->100000008547844100,cycle,30000.0,,1
100000008547844100->100000008465789100->100000008547948100->100000008547844100,cycle,20000.0,,1
100000008547844100->100000008547948100->100000008547844100,cycle,61000.0,,1
100000008547948100->100000008489922100->100000008547948100,cycle,30000.0,,1
100000008571433100->100000004135268100->100000008571433100,cycle,150000.0,,1
100000008582730100->100000008546855100->100000008582730100,cycle,5000.0,,1
100000008587459100->100000006866783100->100000007639767100->100000004400305100->100000008587459100,cycle,10000.0,,1
100000008587459100->100000006866783100->100000008304139100->100000008587459100,cycle,23567.0,,1
100000008603629100->100000001138283100->100000008603629100,cycle,40000.0,,1
100000008603629100->100000001609499100->100000006866783100->100000002306369100->100000008603629100,cycle,11000.0,,1
100000008603629100->100000001609499100->100000006866783100->100000007639767100->100000008603629100,cycle,11000.0,,1
100000008603629100->100000001609499100->100000006866783100->100000008304139100->100000008603629100,cycle,11000.0,,1
100000008603629100->100000001660397100->100000006866783100->100000002306369100->100000008603629100,cycle,20900.0,,1
100000008603629100->100000001660397100->100000006866783100->100000007639767100->100000008603629100,cycle,23018.0,,1
100000008603629100->100000001660397100->100000006866783100->100000008304139100->100000008603629100,cycle,23567.0,,1
100000008603629100->100000001660397100->100000008477350100->100000003968044100->100000008603629100,cycle,12000.0,,1
100000008603629100->100000001660397100->100000008477350100->100000005910114100->100000008603629100,cycle,12000.0,,1
100000008603629100->100000001660397100->100000008477350100->100000007639767100->100000008603629100,cycle,12000.0,,1
100000008603629100->100000001857829100->100000008603629100,cycle,26000.0,,1
100000008603629100->100000002723538100->100000003242289100->100000004140487100->100000008603629100,cycle,20000.0,,1
100000008603629100->100000002723538100->100000003242289100->100000008304139100->100000008603629100,cycle,33000.0,,1
100000008603629100->100000002723538100->100000008603629100,cycle,70647.0,,1
100000008603629100->100000003178549100->100000001857829100->100000008603629100,cycle,26000.0,,1
100000008603629100->100000007639767100->100000000437046100->100000008603629100,cycle,5000.0,,1
100000008603629100->100000007639767100->100000004400305100->100000002723538100->100000008603629100,cycle,10000.0,,1
100000008603629100->100000007639767100->100000004400305100->100000005048668100->100000008603629100,cycle,10000.0,,1
100000008603629100->100000007639767100->100000004400305100->100000005910114100->100000008603629100,cycle,10000.0,,1
100000008603629100->100000007639767100->100000004400305100->100000008304139100->100000008603629100,cycle,10000.0,,1
100000008603629100->100000007639767100->100000006866783100->100000002306369100->100000008603629100,cycle,10000.0,,1
100000008603629100->100000007639767100->100000006866783100->100000008304139100->100000008603629100,cycle,10000.0,,1
100000008603629100->100000007639767100->100000008603629100,cycle,23722.0,,1
100000008636603100->100000000667713100->100000008636603100,cycle,12750.0,,1
100000008636603100->100000003016635100->100000000667713100->100000008636603100,cycle,12750.0,,1
100000008659445100->100000005456919100->100000008659445100,cycle,5000.0,,1
100000008686247100->100000005664922100->100000008686247100,cycle,5000.0,,1
100000008686313100->100000000437046100->100000001279272100->100000000331309100->100000008686313100,cycle,29200.0,,1
100000008686313100->100000000437046100->100000007639767100->100000004400305100->100000008686313100,cycle,10000.0,,1
100000008686313100->100000000437046100->100000007639767100->100000006866783100->100000008686313100,cycle,10000.0,,1
100000008686313100->100000000437046100->100000007639767100->100000008603629100->100000008686313100,cycle,27868.0,,1
100000008686313100->100000000437046100->100000008603629100->100000008686313100,cycle,5000.0,,1
100000008686313100->100000000437046100->100000008686313100,cycle,29200.0,,1
100000008686313100->100000006866783100->100000000089154100->100000000437046100->100000008686313100,cycle,10000.0,,1
100000008686313100->100000006866783100->100000002306369100->100000008603629100->100000008686313100,cycle,20900.0,,1
100000008686313100->100000006866783100->100000004351795100->100000000437046100->100000008686313100,cycle,48100.0,,1
100000008686313100->100000006866783100->100000004351795100->100000008603629100->100000008686313100,cycle,48100.0,,1
100000008686313100->100000006866783100->100000004390333100->100000000437046100->100000008686313100,cycle,45751.0,,1
100000008686313100->100000006866783100->100000004390333100->100000008603629100->100000008686313100,cycle,45751.0,,1
100000008686313100->100000006866783100->100000004403675100->100000000331309100->100000008686313100,cycle,47187.0,,1
100000008686313100->100000006866783100->100000004847758100->100000008603629100->100000008686313100,cycle,18775.0,,1
100000008686313100->100000006866783100->100000007639767100->100000000437046100->100000008686313100,cycle,23018.0,,1
100000008686313100->100000006866783100->100000007639767100->100000004400305100->100000008686313100,cycle,10000.0,,1
100000008686313100->100000006866783100->100000007639767100->100000008603629100->100000008686313100,cycle,23018.0,,1
100000008686313100->100000006866783100->100000008137435100->100000008686313100,cycle,43906.0,,1
100000008686313100->100000006866783100->100000008304139100->100000000437046100->100000008686313100,cycle,23567.0,,1
100000008686313100->100000006866783100->100000008304139100->100000008603629100->100000008686313100,cycle,23567.0,,1
100000008686313100->100000006866783100->100000008686313100,cycle,48100.0,,1
100000008686313100->100000008477350100->100000003968044100->100000008603629100->100000008686313100,cycle,25800.0,,1
100000008686313100->100000008477350100->100000005910114100->100000006866783100->100000008686313100,cycle,25800.0,,1
100000008686313100->100000008477350100->100000005910114100->100000008603629100->100000008686313100,cycle,25800.0,,1
100000008686313100->100000008477350100->100000007639767100->100000000437046100->100000008686313100,cycle,16305.0,,1
100000008686313100->100000008477350100->100000007639767100->100000004400305100->100000008686313100,cycle,10000.0,,1
100000008686313100->100000008477350100->100000007639767100->100000006866783100->100000008686313100,cycle,10000.0,,1
100000008686313100->100000008477350100->100000007639767100->100000008603629100->100000008686313100,cycle,16305.0,,1
100000008686313100->100000008477350100->100000008086440100->100000000437046100->100000008686313100,cycle,25800.0,,1
100000008686313100->100000008477350100->100000008086440100->100000008603629100->100000008686313100,cycle,25800.0,,1
100000008686313100->100000008603629100->100000001609499100->100000006866783100->100000008686313100,cycle,11000.0,,1
100000008686313100->100000008603629100->100000001660397100->100000006866783100->100000008686313100,cycle,24000.0,,1
100000008686313100->100000008603629100->100000004351795100->100000000437046100->100000008686313100,cycle,22418.0,,1
100000008686313100->100000008603629100->100000007639767100->100000000437046100->100000008686313100,cycle,23722.0,,1
100000008686313100->100000008603629100->100000007639767100->100000004400305100->100000008686313100,cycle,10000.0,,1
100000008686313100->100000008603629100->100000007639767100->100000006866783100->100000008686313100,cycle,10000.0,,1
100000008686313100->100000008603629100->100000008686313100,cycle,55500.0,,1
100000008710843100->100000008547844100->100000008547948100->100000008489922100->100000008710843100,cycle,18200.0,,1
100000008736940100->100000008193577100->100000005456919100->100000008659445100->100000008736940100,cycle,5000.0,,1
100000008736940100->100000008193577100->100000008659445100->100000008736940100,cycle,56190.0,,1
100000008736940100->100000008193577100->100000008659445100->100000008751429100->100000008736940100,cycle,56190.0,,1
100000008736940100->100000008193577100->100000008736940100,cycle,67300.0,,1
100000008736940100->100000008193577100->100000008751429100->100000008736940100,cycle,67300.0,,1
100000008736940100->100000008659445100->100000008193577100->100000008736940100,cycle,77300.0,,1
100000008736940100->100000008659445100->100000008193577100->100000008751429100->100000008736940100,cycle,72600.0,,1
100000008736940100->100000008659445100->100000008736940100,cycle,77300.0,,1
100000008736940100->100000008659445100->100000008751429100->100000008736940100,cycle,72600.0,,1
100000008736940100->100000008751429100->100000008736940100,cycle,37500.0,,1
100000008762832100->100000008748914100->100000008762832100,cycle,85000.0,,1
100000000076451100->100000002575080100->100000002832753100,transit_chain,12500.0,0.0,1
100000000331309100->100000002433697100->100000002242455100,transit_chain,110000.0,0.0,1
100000000331309100->100000002628576100->100000002208836100,transit_chain,90000.0,0.0,1
100000000331309100->100000002628576100->100000007841978100,transit_chain,449000.0,0.0,1
100000000331309100->100000005756189100->100000002971593100,transit_chain,49050.0,0.0,1
100000000343175100->100000007129492100->100000006852430100,transit_chain,25990.0,0.0,1
100000000437046100->100000003204491100->100000004840086100,transit_chain,100000.0,0.0,1
100000000490383100->100000007544358100->100000003798151100,transit_chain,22500.0,0.0,1
100000001427082100->100000002448088100->100000002229615100,transit_chain,5000.0,0.0,1
100000001857829100->100000007170072100->100000003177533100,transit_chain,20000.0,2.0,1
100000001857829100->100000007170072100->100000003345947100,transit_chain,79500.0,2.0,1
100000001872484100->100000000785800100->100000008601794100,transit_chain,19000.0,0.0,1
100000002459093100->100000006664478100->100000005636951100,transit_chain,40000.0,0.0,1
100000002578405100->100000008493007100->100000005685783100,transit_chain,26150.0,1.0,1
100000002738256100->100000004135268100->100000004979498100,transit_chain,175000.0,1.0,1
100000002738256100->100000004135268100->100000008571433100,transit_chain,150000.0,0.0,1
100000002957787100->100000004770073100->100000005293969100,transit_chain,5462.4,0.0,1
100000003016635100->100000006069103100->100000006787636100,transit_chain,20000.0,0.0,1
100000003016635100->100000008723830100->100000005614315100,transit_chain,454000.0,1.0,1
100000003854444100->100000005661829100->100000008546855100,transit_chain,33790.0,0.0,1
100000003934614100->100000004336312100->100000004017410100,transit_chain,11500.0,1.0,1
100000004007116100->100000004005964100->100000003616818100,transit_chain,10000.0,1.0,1
100000004321983100->100000005171642100->100000004221668100,transit_chain,6200.0,0.0,1
100000004358004100->100000002479804100->100000005507142100,transit_chain,23000.0,1.0,1
100000004400305100->100000003254277100->100000007153161100,transit_chain,44997.0,0.0,1
100000004400305100->100000003574895100->100000004988240100,transit_chain,20000.0,0.0,1
100000004400305100->100000005186131100->100000006171671100,transit_chain,10000.0,0.0,1
100000005602999100->100000008501413100->100000005910895100,transit_chain,5000.0,2.0,1
100000005612411100->100000001102676100->100000003684369100,transit_chain,50000.0,0.0,1
100000005933757100->100000008104567100->100000001616816100,transit_chain,12000.0,0.0,1
100000006866783100->100000004325327100->100000002445750100,transit_chain,47472.0,2.0,1
100000007018630100->100000002371751100->100000000769919100,transit_chain,200000.0,1.0,1
100000007639767100->100000000489417100->100000001236706100,transit_chain,20000.0,0.0,1
100000007747786100->100000008349675100->100000002340562100,transit_chain,36650.0,0.0,1
100000007777377100->100000002448088100->100000002229615100,transit_chain,5000.0,0.0,1
100000008172352100->100000007322059100->100000004552204100,transit_chain,22500.0,0.0,1
100000008466579100->100000008692291100->100000004908173100,transit_chain,21000.0,1.0,1
100000008547948100->100000008692291100->100000004908173100,transit_chain,21000.0,1.0,1
100000008575624100->100000004094958100->100000004331458100,transit_chain,39000.0,0.0,1
100000008575624100->100000005363908100->100000005546031100,transit_chain,19500.0,0.0,1
100000008603629100->100000001660397100->100000006866783100,transit_chain,24000.0,1.0,1
100000008603629100->100000001660397100->100000008413748100,transit_chain,13000.0,0.0,1
100000008603629100->100000007197866100->100000004379306100,transit_chain,15000.0,0.0,1
100000008636603100->100000003265158100->100000004386258100,transit_chain,46700.0,0.0,1
100000008680731100->100000003265158100->100000007242833100,transit_chain,80700.0,0.0,1
100000008710791100->100000008724461100->100000001246806100,transit_chain,100111.0,0.0,1
100000008730846100->100000000976943100->100000004601193100,transit_chain,70000.0,0.0,1
100000008748408100->100000003509750100->100000001639766100,transit_chain,20000.0,0.0,1
